sample_id_aug,job_aug,fc,E,c_nom_top_mm,c_nom_bottom_mm
0,sample_000,29.42730175799132,30412.198301824697,224.1063763028816,24.49932074139886
1,sample_001,26.760510256084945,29557.724566564495,223.8142244164035,29.148296512616696
2,sample_002,25.27540106811873,29055.750495103108,229.9370121198572,26.47938033090163
3,sample_003,34.74933088970162,31967.348436456134,223.56856311574435,23.726138274809767
4,sample_004,28.704168223911307,30186.04191853288,224.8705380693508,30.853778349577173
5,sample_005,25.60451737170537,29168.739308759,222.9964114456841,29.62982735389807
6,sample_006,25.888540935150985,29265.43293429864,222.131961749836,30.78261172653235
7,sample_007,25.643585882987463,29182.084272180993,220.33987359700672,24.802337049392847
8,sample_008,26.92610737798174,29612.478119555268,223.2299290012112,22.52835946681104
9,sample_009,29.98063025240557,30582.635480339417,227.997988632134,29.139191011190388
10,sample_010,23.48089333815679,28420.850199658547,221.15322715188063,29.70541498905887
11,sample_011,26.69077256829404,29534.59529633829,232.8158854434926,29.656689512843528
12,sample_012,28.237722369283105,30038.039220483333,229.02822270309625,28.43786150660896
13,sample_013,27.731139903239512,29875.349689207836,225.11936905192323,29.73847334246565
14,sample_014,26.631275138823828,29514.828855850763,232.37832679610585,25.42903791658219
15,sample_015,33.01491389544489,31480.073052283125,223.4733304123088,27.16725851987315
16,sample_016,29.70163992319069,30496.978210090427,225.22579500643727,21.25084088574685
17,sample_017,32.66736835008126,31380.288042048105,227.15683423767948,25.07386717784933
18,sample_018,25.54378615209279,29147.96650142305,222.029598302986,27.93003683861909
19,sample_019,29.015391375096293,30283.85866791014,225.7399780294197,21.493324190199782
20,sample_020,30.33734049441409,30691.345811449806,225.5045658655276,28.258798243019875
21,sample_021,22.92069302718686,28215.711379438057,231.27866280589336,32.75368568387725
22,sample_022,25.556878612682123,29152.44763230324,219.70034649946865,24.70600228148597
23,sample_023,26.48017948331184,29464.492024985,218.4008642395461,30.45818575670725
24,sample_024,24.82777471211705,28900.411039287443,224.2386879014965,24.02733644431432
25,sample_025,24.0947096178302,28641.726268098362,226.4006385487864,24.5239469796958
26,sample_026,26.38288069695779,29431.970864297677,222.338412021189,31.782841712868745
27,sample_027,24.66809460174185,28844.5230630412,225.9950419271516,26.640032162126257
28,sample_028,28.10533396341977,29995.721030921624,233.24329016076524,25.514046525815484
29,sample_029,27.483141415645186,29794.945309478648,225.6747795886261,27.393388894326268
30,sample_030,26.43845065031404,29450.55483532806,227.6046742067245,20.160147952922124
31,sample_031,25.03617826611768,28972.974980861316,226.4767821180077,25.67264517622612
32,sample_032,22.497029732190136,28058.227712399992,224.21451314764025,19.993927576825847
33,sample_033,28.26285987064641,30046.058770686046,237.91083804459288,29.17806859750572
34,sample_034,23.86188413595058,28558.415019524327,218.65104364072468,23.35527717830144
35,sample_035,27.33403728020007,29746.359036837366,231.0870905709861,28.719321212752043
36,sample_036,24.50424205568125,28786.910858933163,225.89369745320613,21.771308369404327
37,sample_037,25.435158097383503,29110.724437610417,226.5754519547188,26.44798288295156
38,sample_038,23.583680368174043,28458.116627900887,224.63275566492547,27.943941251148665
39,sample_039,28.72877524015423,30193.802801814643,221.00436238638267,25.537102194896526
40,sample_040,26.587867329428764,29500.388252185738,226.3260384223137,25.594979694115256
41,sample_041,27.26584071284031,29724.075023407637,225.7149294599581,26.018240759934244
42,sample_042,24.431951662924764,28761.407077720516,223.389286717984,22.190690205904712
43,sample_043,33.09948028869046,31504.24188444585,222.3599350439677,28.018302274302467
44,sample_044,23.799788002533607,28536.09928712884,230.01530980986607,25.009431674545823
45,sample_045,26.47203404393217,29461.77270341926,234.6338676107043,28.13657872033876
46,sample_046,27.130852282717967,29679.85069351002,223.6966122607428,27.671913083039
47,sample_047,25.09776040133113,28994.336273400804,223.99513753161708,28.214059448079368
48,sample_048,27.367613134189835,29757.31603860627,225.98315802917696,24.72200091785073
49,sample_049,26.531846172462963,29481.727115443133,226.9869613654191,28.07723889641688
50,sample_050,25.960802369607205,29289.915188115396,223.14132379434344,28.786719995271707
51,sample_051,24.53199781151401,28796.688993413667,232.21186608506275,21.70446055926731
52,sample_052,26.41747102792359,29443.541944825218,226.07777738869223,25.21023408235973
53,sample_053,23.658202214064605,28485.064204400176,226.1589511589483,20.51873037519639
54,sample_054,25.462683729647736,29120.17184631492,223.96668993508024,28.85713127239727
55,sample_055,28.30155267466474,30058.39308126178,224.6029892486867,30.51455785641868
56,sample_056,30.9720285698028,30882.580075968068,232.6377940722472,32.01156712765209
57,sample_057,25.798443686109632,29234.840792229556,227.00042054463512,26.218310819962003
58,sample_058,22.28421164294156,27978.3348230858,231.8585971938412,28.748868135089506
59,sample_059,27.99860550004549,29961.503383200507,226.6623092842997,22.062459031830297
60,sample_060,24.45186172837065,28768.436539599734,223.1092152921468,26.18148503145665
61,sample_061,29.035063738977367,30290.01692125086,224.6825798531707,22.931124030979703
62,sample_062,33.4454157172055,31602.661570826345,222.9506539676045,23.58021308338646
63,sample_063,23.31773637724724,28361.460874444347,226.52881260296635,31.147415312786908
64,sample_064,23.353092261263143,28374.355086973217,224.44813303977588,20.93710932776721
65,sample_065,24.00378792063257,28609.259376056812,224.0561725498588,33.56028958400194
66,sample_066,28.33245398161421,30068.235179710475,224.98630173169,26.70064499671693
67,sample_067,27.785804111557194,29893.00478963989,223.2969108751,26.24172386796825
68,sample_068,29.136130245828,30321.60890253516,236.20479014074547,31.56666289187209
69,sample_069,25.712349485236214,29205.53791224869,223.9276659284115,23.39175793989917
70,sample_070,27.824457917552568,29905.474282121675,223.81971035580543,25.12392265439936
71,sample_071,26.017155166553515,29308.974493244375,228.2341367501276,26.55787158055888
72,sample_072,25.87626496658038,29261.269070719343,225.82351650049628,28.31838251478904
73,sample_073,23.44133140759471,28406.47620585334,215.616520161596,24.735495431788948
74,sample_074,28.82809811509292,30225.081339081695,227.11285258863452,30.65136608828695
75,sample_075,27.70457329952499,29866.760577672685,228.654518861056,30.93825316828353
76,sample_076,29.523315534736888,30441.932543310988,225.32262056912128,28.596571905379456
77,sample_077,23.939040909774903,28586.086589894356,224.587742537546,30.240316717133243
78,sample_078,26.90524037921945,29605.591592493285,224.83450475583084,25.454598680742464
79,sample_079,25.30329058513125,29065.36503792912,229.15309391101235,23.685843268486344
80,sample_080,28.172131492605864,30017.09037939341,223.20075440037715,25.637660602133128
81,sample_081,28.75524724768806,30202.14669667685,231.6346224397425,26.667247978679
82,sample_082,26.12886945354852,29346.672570673487,222.67920483636783,24.05960683227981
83,sample_083,24.93289483380736,28937.065836499125,235.4114838538708,28.832688501057284
84,sample_084,24.595406893772257,28818.998495017044,218.0401062219632,27.3473105229827
85,sample_085,30.51378640475913,30744.78861291807,226.1117740966136,22.4268730899472
86,sample_086,28.384811902327023,30084.894094089683,226.6988640870535,27.13692234984025
87,sample_087,27.44178842966796,29781.488775948976,234.47812004625035,26.08976907039961
88,sample_088,25.3575110081288,29084.035604301225,228.34028697655617,24.00910819689708
89,sample_089,30.76017835197861,30819.056256982556,225.8578740762345,28.29522644347464
90,sample_090,26.099096327506864,29336.636650024073,223.18012652576704,33.30599367913954
91,sample_091,27.300420526372992,29735.37924534889,224.4659066494395,23.76695593696042
92,sample_092,22.25026159530845,27965.540481345073,222.46127794634188,25.31231641652277
93,sample_093,33.72521443209719,31681.745191935766,227.8783059297932,29.854665080009944
94,sample_094,25.68812044971775,29197.27897596701,225.25038963514177,28.12888897653904
95,sample_095,30.260339765618813,30667.95524669407,224.3143633080424,25.48067641049285
96,sample_096,27.631702831988367,29843.171569168302,226.2541961532872,25.064105946411058
97,sample_097,24.23632390910725,28692.124406820545,229.26861067574907,23.614180057914886
98,sample_098,25.311036316719505,29068.033960361056,220.95579400690968,22.222760862422824
99,sample_099,34.95320032523746,32023.497666477953,222.8135243878554,26.9911117844425
100,sample_100,26.13232679508957,29347.837451976837,225.5700273705765,23.72376540540001
101,sample_101,24.99598268020133,28959.012298155787,223.67055659919703,34.92159708337899
102,sample_102,27.64106008233641,29846.203053737943,225.0870690003724,25.04377683802673
103,sample_103,27.82779031678245,29906.54872679886,224.5424441715504,30.75235760512668
104,sample_104,23.12006734588667,28289.118133872973,228.0966081083208,27.09489942890325
105,sample_105,26.70418878262754,29539.048214691993,234.00593826572447,27.33301993115984
106,sample_106,30.42517809222336,30717.97761176318,233.44706531503172,22.852702936831896
107,sample_107,25.67508292668092,29192.8326268884,223.54486380025983,26.13777181601067
108,sample_108,27.94585365561703,29944.557168580475,224.1018788080694,24.63821303057776
109,sample_109,29.33763193893355,30384.367312089813,220.23053296025543,24.225749595473776
110,sample_110,29.92162287228388,30564.56535611069,226.8562461079937,28.891730427166607
111,sample_111,25.575445593338447,29158.79976197383,224.71155088889844,27.854069493765312
112,sample_112,27.2376454884846,29714.850509012176,228.5803129512101,27.796129087779264
113,sample_113,28.53478554332457,30132.493024269006,231.9878981885985,28.47367338683622
114,sample_114,29.86045432543255,30545.807055762463,233.9812537244776,23.346806918116233
115,sample_115,26.762103038069437,29558.252337111775,230.54136493609008,28.150933754336666
116,sample_116,24.73158373224042,28866.77447475084,226.35372592053082,26.15907197032789
117,sample_117,33.753366871195226,31689.676865185662,236.1628484092253,25.31481077289282
118,sample_118,28.07154100515864,29984.896704709638,246.04049286274835,29.288104281142655
119,sample_119,27.029843270946767,29646.657702286226,224.19728980820906,30.808170770136652
120,sample_120,29.28631156766323,30368.412111531776,232.85967041467916,30.300040907512333
121,sample_121,25.899718645432735,29269.223079638006,219.37528656973797,24.317925616628642
122,sample_122,25.942608998365145,29283.755751469263,208.837685076529,23.303535310804754
123,sample_123,28.38587930584547,30085.233490023722,234.59615032370203,27.751510133577245
124,sample_124,23.313007920175668,28359.735379303245,215.45820235940246,27.420953330363087
125,sample_125,27.093195380574276,29667.486231897477,247.05973835602998,28.53250747491059
126,sample_126,28.57327152912902,30144.67953618694,227.62692943369555,30.21494730580776
127,sample_127,29.531619179411905,30444.500894191096,226.795169454268,28.8015212134873
128,sample_128,28.796019200508184,30214.987378040096,230.6904124565886,24.76072185764313
129,sample_129,35.57209581136411,32192.560225434398,236.6626772030912,29.506091351404596
130,sample_130,27.08153110532211,29663.653883472558,232.0673707161235,24.744539833399735
131,sample_131,32.72654224608798,31397.329982785446,219.92401197735842,24.47566209577902
132,sample_132,24.387554144624584,28745.71760553844,215.169514975264,27.16125380128068
133,sample_133,29.192024600725436,30339.047766625088,225.9633427732104,22.766741204372995
134,sample_134,29.839348997523057,30539.32853258096,217.64302330026115,26.09811480217572
135,sample_135,23.7077938551227,28502.963949012614,227.387715239171,33.354053956716825
136,sample_136,25.222604929530647,29037.529368479907,233.7515942349879,25.580226366960414
137,sample_137,27.88359532522709,29924.528219133917,215.0939157140175,27.823124326372607
138,sample_138,24.751170454463466,28873.631077765007,209.59596114534938,23.597582198796843
139,sample_139,24.224631225993296,28687.970997446413,205.80565853769974,25.847116145920936
140,sample_140,24.542167528785754,28800.269766249232,224.19881323358516,29.200065987784765
141,sample_141,28.428777170705484,30098.866080503063,227.06259848968332,25.10694740490391
142,sample_142,29.712809824796754,30500.418458696,221.28981754947125,25.520918183366692
143,sample_143,28.919559426823856,30253.81748456085,228.74074946260748,26.637128511900084
144,sample_144,26.931544656863753,29614.27191679327,235.61312294610912,21.64415192130423
145,sample_145,24.81469976250301,28895.84428581582,231.22139569671734,26.590335590810874
146,sample_146,23.61223443862698,28468.448996831292,224.31846538620024,24.52293141601802
147,sample_147,26.407486663898368,29440.20308695788,232.54686033369867,28.35366290454618
148,sample_148,23.75736595700433,28520.830466008752,232.28179578497065,23.534334970235182
149,sample_149,28.28355210587902,30052.656413713168,234.02294017138124,30.1371005216255
150,sample_150,24.52060567611872,28792.676571153104,228.56086672021524,22.444197633252013
151,sample_151,24.317683162081376,28720.98561933065,224.80126757566126,26.947626727664243
152,sample_152,23.34398239054761,28371.03404490463,234.09529556977682,28.470837390713783
153,sample_153,29.846736555685542,30541.59659331019,229.01883811488645,24.755318608935294
154,sample_154,27.474715392481126,29792.2045764627,234.2324315473777,26.40381685212893
155,sample_155,27.802235379520578,29898.306903724228,215.03965935050107,25.115650974298607
156,sample_156,24.42902163687947,28760.372262199424,241.04594518399063,23.410582135616444
157,sample_157,31.86347788809899,31146.59917443807,221.98439547882697,26.882411844185146
158,sample_158,24.642680461305424,28835.604783097053,230.31068316343396,24.89168825407214
159,sample_159,25.396136980024895,29097.31925106218,228.03834960270433,30.525454526051426
160,sample_160,26.43830920204961,29450.507566245728,221.50276325476997,28.818697840253645
161,sample_161,26.539900847097886,29484.41189460075,217.2238458135029,29.834633005216084
162,sample_162,29.417015421920624,30409.008729348392,224.41875046429777,24.92420335070058
163,sample_163,26.395145702065093,29436.074940995208,227.32658312370273,27.827711325914123
164,sample_164,25.53765015799063,29145.865793385703,217.69333649332117,28.430080323163097
165,sample_165,22.20149219639413,27947.137414273337,243.72551661421386,23.12855522108745
166,sample_166,26.198414917380408,29370.083796537463,230.59532338417176,25.67520440672096
167,sample_167,24.321575732649226,28722.364766344064,223.9483830466071,22.825007714029
168,sample_168,27.418021360804072,29773.74839090786,226.1856401652802,25.19619371290348
169,sample_169,29.23223050461613,30351.577434945466,211.9765944694218,28.236104129913063
170,sample_170,30.72771577386058,30809.295236351274,236.7989417804296,30.615337125393708
171,sample_171,25.573073636199645,29157.988448620396,215.71181815699615,27.087085578708386
172,sample_172,22.03512692052935,27884.14598161509,231.03728227915246,28.805927674274912
173,sample_173,29.37647030296829,30396.42894761503,227.43455418172164,22.845883158286536
174,sample_174,26.582180997015968,29498.495340993337,240.81988245345883,25.902571213647676
175,sample_175,28.430681752269244,30099.471006993026,230.33501996791577,22.283805244045766
176,sample_176,31.228498385773076,30959.07750022975,235.44596692649574,23.920046134208558
177,sample_177,24.27720915480497,28706.636416952984,227.32131040317782,29.573248979618572
178,sample_178,23.203100722147113,28319.559148882418,232.61490324099876,21.97232279699425
179,sample_179,23.27503451087484,28345.869339054265,217.64854255173978,31.82246015201414
180,sample_180,27.603111781722532,29833.904422550706,236.47592559495322,29.450634662807573
181,sample_181,30.65656626101741,30787.87634673633,223.71145467770856,25.348918688316367
182,sample_182,30.32995196091312,30689.10319526829,225.65924622389366,30.409690054863354
183,sample_183,26.367301678723727,29426.75593710101,233.36379437797646,24.744266334013897
184,sample_184,28.26624813547727,30047.139337904224,231.61282083027038,23.89043979228336
185,sample_185,25.224587811981085,29038.21418779188,233.40571326094712,26.729623662591116
186,sample_186,25.720149440775963,29208.19551903253,220.4287091162065,27.045836042601778
187,sample_187,22.864904605942296,28195.09089277929,212.59128233166533,27.727488378911026
188,sample_188,29.43198601457203,30413.650530830528,220.46984278232927,31.54633283293496
189,sample_189,28.939754419418676,30260.1539540193,219.68348566248045,31.732050754119705
190,sample_190,28.577829215816653,30146.121957664236,221.50884046736198,25.871124935122563
191,sample_191,26.149776326374266,29353.715072906554,240.19298164267713,26.44508075127607
192,sample_192,28.154072849043697,30011.31669916674,218.31942419211012,25.839995257292767
193,sample_193,24.950571638819802,28943.219008806074,226.82099757624235,24.230356480267837
194,sample_194,27.088371519899948,29665.901471548088,220.85940743658713,25.356419038738682
195,sample_195,27.65538921045709,29850.843894130987,243.75532900068131,26.344505214281856
196,sample_196,26.789353640285768,29567.27845823169,230.63416126010418,25.499212362322368
197,sample_197,23.720039159555053,28507.37976764281,233.90360142258638,27.93230525010974
198,sample_198,22.776253889443094,28162.251293739653,229.35994655987543,27.458696292106495
199,sample_199,30.763295700316274,30819.993218320615,212.59454187725407,23.91927818333447
200,sample_200,30.059950143241014,30606.88682218284,236.81293673715342,25.4157889688028
201,sample_201,26.514585543777383,29475.97189147911,252.3078555290765,26.735499641009984
202,sample_202,24.56327662718292,28807.698997591066,215.68524066128012,23.909128125426076
203,sample_203,29.30270393112811,30373.510526423728,211.35650391032738,28.50004333502738
204,sample_204,28.586586385545505,30148.892984068614,230.93942654543824,32.611731154868906
205,sample_205,26.200512954566193,29370.7893865638,247.1634714083047,23.41393698387526
206,sample_206,22.09005598376663,27904.980654949497,230.3366371864297,26.39758882764464
207,sample_207,31.81679236919216,31132.901597748685,232.47355556888098,27.5590363702182
208,sample_208,24.75291493182408,28874.241571963896,236.1324863751247,27.40236429258189
209,sample_209,29.638245056620352,30477.435876035895,221.3779074650227,26.47373546934702
210,sample_210,27.812626650414227,29901.65887275398,221.97322278280308,25.01020258577373
211,sample_211,25.865107563271213,29257.483411585,221.48716252452397,24.355951803965553
212,sample_212,23.580646650086667,28457.01835414884,218.87237648532846,25.728043257407407
213,sample_213,33.19236162946016,31530.737347703714,223.23843499973967,28.746715215841803
214,sample_214,26.682996337693623,29532.01360358568,218.59367983692357,22.558366353231524
215,sample_215,25.968012730155216,29292.355447697657,216.573186978224,33.401753468402696
216,sample_216,26.60261561843404,29505.296458671946,244.04853355138215,24.653743131764717
217,sample_217,28.678841505031897,30178.049180979124,230.57355826032335,29.42059470289338
218,sample_218,22.49393009301634,28057.067898276557,225.73510215448087,28.97814056797817
219,sample_219,26.9712979909351,29627.37913016759,239.2567017182466,26.328195770175316
220,sample_220,29.880382250531362,30551.921220195047,241.64042778178884,25.860735180298047
221,sample_221,27.081576467600442,29663.66878968443,218.1438469644149,24.74004127999885
222,sample_222,26.838866425443083,29583.661969891844,225.2307785711616,23.291093127915257
223,sample_223,26.717091221951723,29543.32913122333,217.12902949797814,24.139977202849106
224,sample_224,30.832533624311445,30840.786506095796,228.208367525511,28.904595068183742
225,sample_225,23.85649314413633,28556.479250039567,218.5286768402815,26.25467818489467
226,sample_226,25.981614261713222,29296.95743110427,229.12071615672565,27.2908000403296
227,sample_227,29.634720208393666,30476.348435052594,232.04559739736467,26.882127000061477
228,sample_228,29.328701532418247,30381.592306255694,228.87752167780022,24.650223005158995
229,sample_229,24.612466705548492,28824.993850780495,223.61673972091762,28.800939626799586
230,sample_230,26.284951163300192,29399.15399794424,218.23440833492114,28.371980932455845
231,sample_231,34.10010336592044,31786.98884124036,225.57553747047965,24.987084169713356
232,sample_232,27.46600145688193,29789.36957520794,223.87945144448108,28.736428159787447
233,sample_233,25.186359321445764,29025.00473788922,219.6652509364186,31.78088679703452
234,sample_234,25.271402777855933,29054.371528771982,234.72419165578233,30.450551000957226
235,sample_235,25.97993476737251,29296.389277174658,236.43582426863867,23.66765979510693
236,sample_236,28.429824280618607,30099.19866337746,203.31371878716342,22.665315391965073
237,sample_237,28.202048700807218,30026.649762194007,222.45917593676566,29.359681700758944
238,sample_238,24.404625369172322,28751.752705463274,239.47977634011673,26.99856527736694
239,sample_239,25.964684756455803,29291.229194073738,217.3424282295661,26.49833241839546
240,sample_240,25.71908932248028,29207.83434785162,222.76737625787942,27.57642594937442
241,sample_241,27.48317664088299,29794.956765958974,227.25090099447394,29.69231132718643
242,sample_242,27.39167533485604,29765.1626082894,227.64901565966773,25.841041371916088
243,sample_243,32.81905507803852,31423.930287505376,228.14749474875174,25.964647432425394
244,sample_244,29.760696139151538,30515.1568445372,215.6094520099992,20.943602459836995
245,sample_245,33.164653586717336,31522.838749786195,215.73479943252295,24.93066201284173
246,sample_246,25.220543894249385,29036.817517927033,230.71237464677466,28.43340867776194
247,sample_247,27.163892381748262,29690.689359878066,215.9908666739464,23.707492301242112
248,sample_248,30.680778697296038,30795.169174476185,213.15323181421675,27.435447772900627
249,sample_249,21.25789286863094,27585.365652401655,219.9651458046974,33.70833503495435
250,sample_250,25.290028180978805,29060.793924705904,210.38501825062679,23.736252075752336
251,sample_251,27.178432679008235,29695.456319494297,222.33186580751973,28.102511392916313
252,sample_252,22.746724107776533,28151.292475109305,229.97349688812747,23.666996322836695
253,sample_253,22.677017569786305,28125.38407380302,237.34995772799516,23.72578954494939
254,sample_254,26.960604752625883,29623.85475476432,217.28644033230682,33.19657818718471
255,sample_255,28.60954921802156,30156.156279727296,214.83021453490338,25.328940752833528
256,sample_256,30.095149420125306,30617.634335420116,227.97766676519518,26.76322830282549
257,sample_257,25.55961692292216,29153.3846651892,230.16910067306765,28.776093962421488
258,sample_258,25.772967018696882,29226.176735981666,241.4027098567593,20.292324276725637
259,sample_259,26.25178890978619,29388.021700107845,226.1208775057143,28.769441192618483
260,sample_260,23.116858611036534,28287.940239092375,213.3221184658384,23.165865542510062
261,sample_261,26.599824775183485,29504.36781674022,251.95785074443847,26.89407064504038
262,sample_262,25.77222532802909,29225.924413450906,210.13511673099046,25.29512503856272
263,sample_263,25.949532242009283,29286.09999882961,223.0241844121045,27.903981233501312
264,sample_264,25.09560782171917,28993.590216902958,214.6016705450966,23.388935816700013
265,sample_265,26.835924290143826,29582.689024822324,207.09046444301097,27.571898345196228
266,sample_266,24.47189332012551,28775.504865403826,232.4211914627305,28.400592587312097
267,sample_267,29.394019049101946,30401.875221991068,214.64700740812074,24.484849708112336
268,sample_268,25.59921355701241,29166.926541073604,224.78958340619727,25.22682583694356
269,sample_269,25.71046076586953,29204.89430148114,232.2330794068312,27.31214482856462
270,sample_270,24.98823384654061,28956.318790275905,206.1662283434336,22.882795097321583
271,sample_271,31.376167177040184,31002.923445945544,229.82385459874567,26.42221537096913
272,sample_272,25.030743948421225,28971.088187535035,228.5588259608471,24.910968043389616
273,sample_273,25.45703720424375,29118.234416362564,216.33128590778685,26.860972111361743
274,sample_274,28.03514214710115,29973.22746635641,229.4284473137134,29.575677549758822
275,sample_275,25.259047849621478,29050.109484615692,222.45758598156092,29.286160981295726
276,sample_276,26.923368262098542,29611.574369568625,224.64650055144054,23.807454803242372
277,sample_277,28.229119974600792,30035.293673707783,231.53930091087244,27.858131415387863
278,sample_278,27.395529072790232,29766.418845671233,213.65344566872255,27.768802866135612
279,sample_279,26.380567125517942,29431.19655472145,251.00917550181828,22.627511773543986
280,sample_280,25.562681085899673,29154.433119564546,204.403971942818,24.010603500877025
281,sample_281,22.975987659524055,28236.114713379673,217.97817687616643,24.196753000085682
282,sample_282,25.78384086137224,29229.87542457002,255.78554606712453,27.80367107159549
283,sample_283,29.247459263096992,30356.320137579678,210.37539662872135,29.894005620902067
284,sample_284,29.579561323935355,30459.319716929105,248.4598368303894,31.229882547465362
285,sample_285,26.0051857573224,29304.928690272176,227.31977896318986,27.370187293475393
286,sample_286,24.03121377791133,28619.061827619236,207.17410661142716,25.00845347542835
287,sample_287,27.75071329013472,29881.674175456825,226.16364123005806,24.457543336498066
288,sample_288,27.62649022419335,29841.482519942583,209.7508873027303,26.89221518436091
289,sample_289,28.00094291321914,29962.25374592684,245.4711252215427,25.04938637957935
290,sample_290,32.7121569325505,31393.189032578022,224.46992864022306,22.70134751091757
291,sample_291,25.14298808412054,29010.001261497557,222.65185285990145,29.23438546797516
292,sample_292,22.796991013559698,28169.9411197002,229.96353421890106,20.490499661402602
293,sample_293,24.44920322554857,28767.498158533508,217.4980351201034,30.334227551141794
294,sample_294,27.657421336120102,29851.501911692765,217.47006213962393,25.243518837223213
295,sample_295,27.121021850848425,29676.62407804435,228.50683275238953,27.769247882375865
296,sample_296,26.66359127434526,29525.568864233348,230.29860369483814,32.13753928328874
297,sample_297,25.884685207263672,29264.12526583573,208.85930323987702,24.28147183932144
298,sample_298,26.84200830106556,29584.700885360442,217.98740884614793,25.48161331105655
299,sample_299,26.675986783338697,29529.685994409614,225.9386975546596,26.738969140825276
300,sample_300,23.40067099063858,28391.685394129287,215.14691190390081,27.82126799293089
301,sample_301,24.01536720555315,28613.39895832172,200.41712593837724,23.978746476096322
302,sample_302,29.0474965785953,30293.907401736997,233.2161790466991,28.89314327525983
303,sample_303,28.83318774818068,30226.682121781792,222.53358319922683,29.54099928781424
304,sample_304,28.028216333858477,29971.005894664646,209.11236633364152,27.669784443666188
305,sample_305,24.42217451989233,28757.953684518674,206.27866356925358,27.68966743227365
306,sample_306,27.48385161891594,29795.176290456126,229.0437220939874,27.239660760533173
307,sample_307,24.902478628740106,28926.471016317693,240.38716451655952,24.290595945862368
308,sample_308,26.960039798873787,29623.66852492123,209.68647313321222,25.10980779222089
309,sample_309,27.63593118747656,29844.541525784876,235.94735140913332,28.112920237702724
310,sample_310,27.552524965953967,29817.49136787257,209.15161174224377,25.245697115257684
311,sample_311,27.39739629566609,29767.02747650528,229.01513207444677,28.086716274298453
312,sample_312,27.132184269220254,29680.287824796724,222.7288308064258,27.695751048503954
313,sample_313,29.009042364638937,30281.87054450381,220.91723160786466,22.354106853333136
314,sample_314,27.04005927889977,29650.018769884384,213.21972068761968,26.978439898306625
315,sample_315,29.618126858449383,30471.22805077231,241.03846376695537,26.17689869244043
316,sample_316,25.741294856461824,29215.397364438482,226.30327114501296,27.062467054607854
317,sample_317,29.695171605625035,30494.985601149903,228.9120658417261,28.82529338668316
318,sample_318,25.90255132533038,29270.183404736956,222.8370904829304,35.23854896888672
319,sample_319,26.85013001632155,29587.38607648787,222.05309673792007,23.563043831339126
320,sample_320,22.945315338515407,28224.80109123507,230.04090711212035,25.42597826372237
321,sample_321,32.039508638320505,31198.12077154174,226.06550396245896,29.978519437988695
322,sample_322,23.84199372541571,28551.271353946297,228.55322158365564,27.061833209543895
323,sample_323,28.56063861254691,30140.68061539547,204.633619332742,25.01878237370488
324,sample_324,28.753590954093294,30201.62479578487,230.94819692884107,25.781470977114925
325,sample_325,23.255955583138785,28338.896665956323,238.57134397822193,23.469722901609934
326,sample_326,24.716712163533685,28861.5659372951,226.86367717545403,23.340574714778242
327,sample_327,32.7839293441342,31413.83673965026,222.65690794027185,29.242405324562814
328,sample_328,26.505252429430566,29472.858851884073,234.3754437184148,26.339255480099734
329,sample_329,27.241264519977683,29716.03490631143,224.23507566865499,35.181476099355855
330,sample_330,28.75128782194684,30200.899040001696,222.8765402241234,25.907039483844425
331,sample_331,27.36275411917725,29755.730950816964,219.03679204284242,32.18262294382499
332,sample_332,22.528119632869913,28069.854659450288,231.89745847799884,27.936552104219654
333,sample_333,27.179766605564076,29695.89355085867,231.83181992192803,29.079029238647255
334,sample_334,30.000863131435615,30588.82576378355,228.8163456389614,23.454461795367166
335,sample_335,27.01418307326179,29641.503769009196,222.51401400552913,25.815126934232044
336,sample_336,28.293919558956286,30055.960767493085,228.75111181228982,24.11627321563128
337,sample_337,27.643690703870657,29847.055171374785,214.34835449400046,25.095999513349447
338,sample_338,29.047312330670234,30293.849755440795,227.23419423770864,27.54339015737689
339,sample_339,26.546827363474165,29486.720180652228,215.90276757857492,27.634748191328907
340,sample_340,25.753624901788864,29219.59490151148,229.3855444273794,27.824148141704658
341,sample_341,27.945293925307098,29944.377238556124,213.82516290701142,24.43706437229829
342,sample_342,31.798620366601373,31127.56611051448,227.9812536913769,26.55811274925979
343,sample_343,26.388414074416772,29433.82259064117,213.9761468419647,28.93686970239828
344,sample_344,24.386822609390883,28745.45892368092,229.3694277303143,25.619739739281034
345,sample_345,29.834293689134057,30537.776271379556,238.1642435820208,26.1818218204105
346,sample_346,29.081995956994845,30304.69683568996,235.25712888481584,27.871899644037843
347,sample_347,25.218998482133063,29036.283729136947,227.13259561535685,29.411199153703613
348,sample_348,27.39237135839654,29765.389506454947,214.32120163503598,29.895098549624226
349,sample_349,26.743941317322317,29552.233120887326,222.2548501672936,25.061345650427633
350,sample_350,27.352554826623887,29752.40313880068,223.80670774364913,21.381903626724146
351,sample_351,29.75324696330124,30512.86523799888,231.6685386606947,30.19878455510037
352,sample_352,23.98084377999883,28601.05273890209,228.06663091067557,29.16916038350534
353,sample_353,25.255288290595978,29048.812270739116,219.6264636332907,28.583165411645034
354,sample_354,27.73207888450488,29875.65316098694,220.43933579616694,28.496648327252746
355,sample_355,28.71591547580583,30189.74750150988,231.36596357954622,30.49111333792834
356,sample_356,27.95267334503748,29946.74921262313,223.4732199573905,26.819094477944788
357,sample_357,32.06885830353157,31206.691698664246,238.858662324641,28.455638519539317
358,sample_358,27.8601979277296,29916.9930164558,223.77279538442207,21.557315703198544
359,sample_359,31.18166711041313,30945.14201060899,213.34158099278915,27.4140563103937
360,sample_360,26.23278816129791,29381.63886740216,221.62427960863965,28.446313619119145
361,sample_361,29.127138132065006,30318.80120489593,215.48809639767217,26.597628302469957
362,sample_362,28.29638302930467,30056.745809435917,212.4308897558157,28.151605477484676
363,sample_363,22.565930696323285,28083.980048351477,235.8150386397069,33.42174016138055
364,sample_364,25.196565924081497,29028.532893874773,220.3885019008957,25.948348589070914
365,sample_365,25.244196225558028,29044.984230603466,205.22266819860351,29.130397638066885
366,sample_366,24.924468482023567,28934.131607492975,243.7854094251667,26.325065012111896
367,sample_367,24.86684630692593,28914.047747758505,218.1505574953333,23.313822587609145
368,sample_368,25.756670826845422,29220.631613966296,234.20684737898011,30.772864620302435
369,sample_369,24.124097257926287,28652.201849959645,222.64892766900772,26.990841500070225
370,sample_370,30.07407738178924,30611.201397070705,207.1052810701158,25.020286671819964
371,sample_371,24.59071861528445,28817.35037624893,227.52502971422015,25.01845120860472
372,sample_372,27.74735170115316,29880.588212389408,235.49190880685617,20.911512779819684
373,sample_373,25.395103724181954,29096.96409385909,240.48034287506076,26.902268540942693
374,sample_374,24.58035909469864,28813.707807266448,224.0111855906438,21.016254006594576
375,sample_375,29.451028278477473,30419.552412495297,251.81870938797965,30.898277968315135
376,sample_376,24.775341082494883,28882.087106900493,229.2379384959421,24.65744065693923
377,sample_377,26.526164911690834,29479.833097970048,231.39799456018727,29.085254911092488
378,sample_378,23.672765779701717,28490.32354004099,222.97758155362718,24.727125925948926
379,sample_379,24.948052195900516,28942.342194840825,230.52308614604277,24.29436203385046
380,sample_380,22.65518192433205,28117.25677489549,219.56983080125093,27.48774835101451
381,sample_381,29.903099799449574,30558.88779928948,226.61465474426524,27.022560016748542
382,sample_382,27.144373892870654,29684.287517484485,232.86628751799162,25.2754356315844
383,sample_383,25.666576003647158,29189.930552701375,232.44691075922023,25.4462592528215
384,sample_384,24.593333120807966,28818.269507398243,222.08450765214863,22.02551439549467
385,sample_385,30.787604460632714,30827.29726720805,224.74414620019968,29.175403943544154
386,sample_386,25.507876126224776,29135.667388986345,234.53200016604643,26.210274515714026
387,sample_387,27.78702665808764,29893.39936191538,231.1511501717944,29.04804859606669
388,sample_388,26.66761280680743,29526.904750666712,224.00077547695528,28.814491949327248
389,sample_389,26.254661179622456,29388.986286898456,235.36836067580003,27.885521566416312
390,sample_390,26.446203648311094,29453.14545606339,228.0252076484938,25.576019409042306
391,sample_391,26.402636300707425,29438.580764547212,246.2832377321008,28.185627508962686
392,sample_392,25.509263051998683,29136.1426332466,215.0951538104652,27.543950019481628
393,sample_393,23.78188505739665,28529.657866949387,230.10401722671637,23.63991749242244
394,sample_394,28.590532355860795,30150.14141108983,230.96453708114382,25.540845033817373
395,sample_395,24.277246752747907,28706.649754275484,219.07267769421742,21.57149769060659
396,sample_396,25.34057701232132,29078.207460171954,228.73839282798082,30.07584780966112
397,sample_397,30.01477830419009,30593.08143847944,232.9419948720054,28.601882203717988
398,sample_398,31.978975363481098,31180.425981680797,230.67870910605237,31.269498924399432
399,sample_399,26.989652581292418,29633.426324490538,227.64243909915922,25.03042741681014
400,sample_400,25.469530067152466,29122.520551202047,230.5171228065567,29.354200027676477
401,sample_401,28.56555513834194,30142.23707750703,209.36904122243794,22.917120129514654
402,sample_402,26.7260461774928,29546.299456472912,226.79963716763316,25.537565906328627
403,sample_403,27.417443909820935,29773.560270035203,233.32120522050582,23.370948947425326
404,sample_404,34.785839157078236,31977.42037376797,235.4387040126091,21.70416989433743
405,sample_405,23.927919459003334,28582.10183799776,233.186310098143,30.830934509336302
406,sample_406,25.464091272797212,29120.654754234274,225.38285946860128,21.35233549163111
407,sample_407,24.2182582829296,28685.706645423244,241.4000498852812,32.197210161871865
408,sample_408,28.48306194631428,30116.096713160652,230.8894399243681,26.507867631765
409,sample_409,29.024587216282427,30286.737705441985,230.0749623190396,24.865124669648
410,sample_410,29.752928050272168,30512.767121109693,239.584825574133,31.353815792230908
411,sample_411,25.802253732976048,29236.135990783332,217.24152367071997,24.11797983552701
412,sample_412,27.64032336943171,29845.964405639796,222.29319561478317,24.092080201146132
413,sample_413,24.122259955988877,28651.54718319155,218.8561280457914,27.055527794402973
414,sample_414,26.906015812938374,29605.847568006902,223.78004718857233,26.787336944038035
415,sample_415,23.59954312759649,28463.857691451896,222.55483548843557,24.821732427755762
416,sample_416,27.98143394568937,29955.989579386638,228.9590802607959,31.990657000120013
417,sample_417,26.359117054412682,29424.01534821703,220.300295080995,30.764081333806796
418,sample_418,27.68153452249309,29859.30736049305,219.93618391456852,29.21611748469111
419,sample_419,24.5244826773138,28794.042235599147,224.19138796748538,29.38602550704185
420,sample_420,29.112133838912865,30314.11491314314,215.4914304608571,22.85970883030558
421,sample_421,26.79852165569744,29570.3137028173,237.8311640841747,24.7604695306764
422,sample_422,29.14280553294075,30323.692801960144,229.2332673958487,25.789385014497334
423,sample_423,28.16544541503248,30014.953019626795,224.86963129779141,26.077215682607676
424,sample_424,24.904188442501262,28927.066832787645,200.4940912876511,24.123302774178313
425,sample_425,27.01838827479607,29642.887949750108,221.9483096501543,28.41731697867151
426,sample_426,24.85339242866971,28909.3537898751,211.37473957344815,27.473746724660458
427,sample_427,27.693071176087567,29863.040097014666,229.53853667929275,25.157472928472327
428,sample_428,29.214352481954773,30346.00746263758,227.30692202635808,26.10220059152607
429,sample_429,26.857340384510703,29589.76948281357,243.31664444141407,26.359807647708838
430,sample_430,23.77819923318966,28528.331298328743,220.2613981479956,24.876520771125982
431,sample_431,30.518113452722424,30746.096489668613,236.35355997686415,28.97127770866554
432,sample_432,25.811261516150285,29239.19759080186,222.08167378885986,35.20352322871291
433,sample_433,26.682891726478445,29531.97886928489,217.12903620698518,26.3174701308451
434,sample_434,22.690129842936013,28130.261872760784,210.67238967333648,25.450051714172634
435,sample_435,31.584088139560535,31064.415303504393,219.94885185675682,28.91697908798966
436,sample_436,24.498557049998265,28784.907119638487,230.59604098056118,27.80839810131798
437,sample_437,30.78100293363496,30825.314106972113,234.12238491859318,26.65007907549505
438,sample_438,27.003447059222285,29637.969227080543,234.54062403786048,25.15807490296531
439,sample_439,26.054064754982846,29321.44217624729,216.09469182587844,23.67317434560865
440,sample_440,24.781206750669963,28884.13832430583,215.76373767157733,20.773611843535587
441,sample_441,34.74123786805438,31965.11472264567,237.87346406910953,26.42246367910895
442,sample_442,24.97483107280683,28951.65858256265,233.03435938015429,25.013680526660337
443,sample_443,26.347672755578376,29420.182271334827,220.39929635737613,33.861232437790314
444,sample_444,24.931109987896257,28936.444374393515,220.64287880304758,24.32411581805683
445,sample_445,26.481795717160317,29465.031528413496,212.67977253065115,30.273681452817705
446,sample_446,23.03478407771385,28257.772510488736,222.9204433981584,28.2626547322934
447,sample_447,27.957348845935293,29948.251836593576,229.73078997701373,27.558455963507544
448,sample_448,28.978549375538787,30272.317750691607,230.7657080341257,23.3209822633023
449,sample_449,26.98228255594921,29630.998505397303,231.35621911858803,26.60640551173926
450,sample_450,28.522650056330622,30128.64796028212,233.5800322948532,25.083069566635558
451,sample_451,30.347966827250108,30694.570515483734,237.5473000136707,22.806182464081083
452,sample_452,29.688011914818286,30492.77965570404,225.68984035645192,29.742692168703893
453,sample_453,26.734302226297785,29549.037339798597,241.70460570496545,28.106629549691856
454,sample_454,27.096891124433512,29668.700243691423,233.79215058115778,29.450576296814184
455,sample_455,29.437342350404805,30415.310921847886,233.8319880235021,29.020072811584996
456,sample_456,30.790293750949605,30828.105069754427,218.16938681319937,21.825689830948917
457,sample_457,28.174163266154324,30017.739812584394,246.70586645224952,26.451408659905347
458,sample_458,26.87854969084933,29596.777679760464,227.38415054045132,26.91778304456362
459,sample_459,35.53996399113436,32183.83372734935,208.653130952915,25.794469096560928
460,sample_460,27.9294026638175,29939.267805787134,231.33394572230685,30.82288914407194
461,sample_461,23.186336730636025,28313.419422717838,227.28523263022532,28.99720029041377
462,sample_462,27.60066661545924,29833.111565002655,226.69288727758305,31.900564612453365
463,sample_463,27.17541668027485,29694.46768701734,207.05126450269933,25.82396709246969
464,sample_464,25.8522322966874,29253.11346787364,231.6940271119649,21.547687492812813
465,sample_465,28.575929782299397,30145.520842518752,235.52618040006124,27.721916329319264
466,sample_466,23.390017378633967,28387.807015465423,205.98421275709484,27.97093224781122
467,sample_467,25.673369454834006,29192.2481427166,230.60128236960406,30.019306578578714
468,sample_468,29.719448242194137,30502.462614185166,227.4308350105714,26.440977253605183
469,sample_469,27.029307400738666,29646.48137639292,229.94964831033442,29.67652664292172
470,sample_470,28.6220461767318,30160.10743570806,235.8683522774843,27.290127814831184
471,sample_471,32.74908182499774,31403.815654890237,220.2199427819108,24.43168587806669
472,sample_472,30.556162505886217,30757.591463607223,228.17151888795004,21.44339166630887
473,sample_473,32.46111385855149,31320.717775809953,227.75076981802434,25.120148157492412
474,sample_474,27.774194003710157,29889.25706534068,213.8032693734227,27.641232558546204
475,sample_475,30.456504278950952,30727.46249166393,224.9302999182561,24.946969892146747
476,sample_476,28.84214957362564,30229.5002990984,222.9561194009672,28.80306543018226
477,sample_477,23.785280702721835,28530.87986964024,232.3240848453748,31.68131790776644
478,sample_478,24.321400069616047,28722.30253184259,224.5260344471394,24.14827679553073
479,sample_479,27.965938569419155,29951.01196465686,230.21895099935088,31.78905950580293
480,sample_480,25.99992967331225,29303.15165934515,239.50489862104587,25.35238020767573
481,sample_481,26.030065214403308,29313.33678302024,223.16207739568884,24.09507630617575
482,sample_482,25.51798538139538,29139.13101388171,216.07090306345864,33.67421890794471
483,sample_483,24.76805651806655,28879.539229816928,215.41010027774763,27.111954009421215
484,sample_484,28.221882714880422,30032.983370772236,237.38616412412887,25.617455402516953
485,sample_485,28.03711725787393,29973.860946127446,236.92142185374263,26.906423948502002
486,sample_486,25.13742084696092,29008.074067230642,237.39937440713302,20.313290733437196
487,sample_487,24.2857055063747,28709.650006416552,227.79321903081143,25.393696650016903
488,sample_488,24.08632952087029,28638.737441874706,227.68647485289827,20.773946718796914
489,sample_489,26.66801209857667,29527.037381078804,219.03734469487046,29.22545071858858
490,sample_490,24.469663974900435,28774.718421391874,225.62695698999894,22.092209402151394
491,sample_491,24.836735618041132,28903.539887843304,232.50768161273484,26.387699386665027
492,sample_492,24.897107584321994,28924.59918950686,241.54003151463334,21.969356796059408
493,sample_493,25.542343704564384,29147.472699411926,220.06780034636833,25.80057682385197
494,sample_494,25.538396285607632,29146.12125517896,224.32095562598425,29.254249236987228
495,sample_495,27.16059432075922,29689.607859505682,210.17824893004752,24.516789410954562
496,sample_496,27.102423628839286,29670.51739480608,247.79606046989812,25.835341525718842
497,sample_497,24.342764871501604,28729.869420198112,236.7089117937458,25.638824630018213
498,sample_498,24.42759095919008,28759.866949293493,213.75017851921496,22.83888946726676
499,sample_499,34.778363882096784,31975.35869007096,226.34594040419833,29.094116087037335
500,sample_500,23.947085793271444,28588.96821777142,232.27277693226821,24.6295427293335
501,sample_501,28.57968035100748,30146.707760893216,215.83673716184634,28.68002948353023
502,sample_502,27.219003183694024,29708.747712221415,239.4207574426264,28.09801291913388
503,sample_503,26.6065054875838,29506.59068331725,228.90549733565186,28.39576360664795
504,sample_504,25.99770078728188,29302.39801870867,226.65617477312512,25.02130487420191
505,sample_505,24.885491549436356,28920.549995850695,213.98835834605435,29.446865232913634
506,sample_506,26.47932365037646,29464.206336196872,210.71370729827052,27.172128059496934
507,sample_507,24.608882789180566,28823.73459098425,240.4222001212481,21.755686078456236
508,sample_508,27.191548801267544,29699.754839617286,223.33204396040475,22.167624376100044
509,sample_509,25.385192829290247,29093.55694472736,222.35067494178628,23.49949090251517
510,sample_510,23.544544759503314,28443.94106460193,236.46989817352227,27.668505192442716
511,sample_511,27.375280690344006,29759.81691641835,232.89863637686977,28.081266396949147
512,sample_512,30.206033396269483,30651.43349742717,206.0795511712194,31.566107470011445
513,sample_513,25.67337620027969,29192.25044371616,218.85761986794907,26.997698618856624
514,sample_514,22.29000513497836,27980.516782879582,230.06143907647566,28.36238060371598
515,sample_515,26.10961136082945,29340.181970745296,227.83861678281107,24.871163813137972
516,sample_516,24.632495058502332,28832.028734442774,236.62817215024188,24.478490573469713
517,sample_517,30.023500840636107,30595.748346036933,222.38641245300644,21.940596856567808
518,sample_518,33.5144905969032,31622.228144173467,219.44651141836437,23.58814538105134
519,sample_519,23.890476490199994,28568.676699993513,238.0025032025558,30.023184407675547
520,sample_520,23.925733023380204,28581.318298194292,225.99298318592446,21.27551010969252
521,sample_521,23.684804210840607,28494.66926507767,228.1251194918625,32.76466058943539
522,sample_522,30.456433258858063,30727.4409960681,237.3090763113205,27.852736089294332
523,sample_523,30.4015884792108,30710.83068305094,220.61057947348718,25.87002109922054
524,sample_524,28.845453897154925,30230.539237376644,225.80558195823625,30.565284158259555
525,sample_525,26.00139810122279,29303.648145863583,234.34125807669002,24.866634010660537
526,sample_526,26.861108697044358,29591.014930303965,221.94708296430494,26.148753615570907
527,sample_527,27.161339107052875,29689.85209791057,240.84993188266517,27.915439222700222
528,sample_528,27.411944368179466,29771.76850091422,230.14715881364256,28.870361269316994
529,sample_529,25.280781005727363,29057.6057354654,240.50648565177323,25.407864853504545
530,sample_530,27.835333983122926,29908.980651365426,221.2367982464093,33.1699445120882
531,sample_531,27.79649080700682,29896.453469149852,241.0623632019231,31.894535135160908
532,sample_532,28.625948443918773,30161.34096577663,233.99293458904017,28.368211549890724
533,sample_533,24.182029652571476,28672.826423832095,218.18361001800363,27.89385906340427
534,sample_534,27.543058543724385,29814.417614236383,227.19128133408157,26.175678223591277
535,sample_535,27.51591462934063,29805.599864779466,225.57919786976632,25.72817861330975
536,sample_536,27.422603555248507,29775.24107110441,220.83627895599258,26.47929530551121
537,sample_537,29.39875310151112,30403.344050989053,223.38330150170307,27.127783215881344
538,sample_538,23.147524826460277,28299.192826818497,209.70063111576604,24.384325835717174
539,sample_539,26.520889480609473,29478.074121638176,227.16548123293433,28.94396478723786
540,sample_540,23.22992671658658,28329.37757532961,222.02602237814588,27.936190005775085
541,sample_541,31.681155455148694,31093.025610991634,217.95411818661393,23.60149989348875
542,sample_542,25.719395295144672,29207.93859059801,230.8484694521339,27.42972604058348
543,sample_543,26.083265023459205,29331.296972610595,229.60485480541422,26.415355578225125
544,sample_544,24.836429960886008,28903.433175609076,230.4897595930091,23.152133853124095
545,sample_545,32.21852878935551,31250.31449740918,224.6968637421163,28.08243178463639
546,sample_546,26.640747076624372,29517.977723047174,226.3267511873315,29.445601595462325
547,sample_547,26.28118482064568,29397.89016252103,211.07881010866936,23.76256792520961
548,sample_548,23.54732078198979,28444.947129011613,219.35634969465943,25.97145177310011
549,sample_549,32.542324324572576,31344.204456311563,229.78951212226713,27.99131221705645
550,sample_550,25.65044611665399,29184.426111296147,232.60587123377206,28.03515260639653
551,sample_551,27.36706180042195,29757.136194692514,223.01579333251289,28.150417378424407
552,sample_552,27.07213047114295,29660.564423241452,225.898809962219,23.92017095591775
553,sample_553,26.247890675229154,29386.712448116603,222.99190701125687,23.108328084707225
554,sample_554,25.885540856353604,29264.415470629654,225.8016259456344,23.000651013810394
555,sample_555,32.81558010591569,31422.93207477384,219.1777069114426,26.059759272727234
556,sample_556,24.898813355201664,28925.19368694916,240.6882086453382,25.434217611214017
557,sample_557,23.953490379377094,28591.26181675108,207.5583918208704,33.91550277201259
558,sample_558,29.33783010269186,30384.428882153126,224.00438156755396,23.61954492738029
559,sample_559,28.02856372558464,29971.11733558742,229.92631844627843,30.878873354032777
560,sample_560,24.911678815158556,28929.676655297775,217.35492844735722,27.433114191990498
561,sample_561,29.188936755465903,30338.08497879572,239.433311534642,28.587870337628846
562,sample_562,28.94248580095557,30261.01072662148,226.21236588877983,22.38362412047844
563,sample_563,26.006870892972046,29305.4983650349,228.23673256750618,24.69460163261265
564,sample_564,26.621615834206946,29511.616892620925,223.41847574204155,25.46798034400946
565,sample_565,28.42768944965199,30098.5205896447,212.91822143180113,26.33487464922261
566,sample_566,29.26283422936612,30361.106620532602,222.25238134847697,27.089870564948956
567,sample_567,25.95624754939951,29288.373419618987,209.94600830667474,27.88258012383238
568,sample_568,26.85216274438899,29588.058045486054,230.3414027015773,27.338374802194366
569,sample_569,28.90280706791124,30248.558840144295,224.741730773965,26.286384082174337
